{"cameraMode":{"drawMode":0,"name":"Shaded","section":"Shading Mode"},"sceneLighting":true,"audioPlay":false,"sceneViewState":{"showFog":true,"showMaterialUpdate":false,"showSkybox":true,"showFlares":true,"showImageEffects":true,"showParticleSystems":true},"in2DMode":false,"pivot":{"x":-407.3302001953125,"y":-10.091569900512696,"z":-407.275390625},"rotation":{"x":0.007115846965461969,"y":-0.9599483609199524,"z":0.024814331904053689,"w":0.27997124195098879},"size":363.7306823730469,"orthographic":false}