{"cameraMode":{"drawMode":0,"name":"Shaded","section":"Shading Mode"},"sceneLighting":false,"audioPlay":false,"sceneViewState":{"showFog":true,"showMaterialUpdate":false,"showSkybox":false,"showFlares":true,"showImageEffects":true,"showParticleSystems":true},"in2DMode":false,"pivot":{"x":-0.7193830013275147,"y":1.890291690826416,"z":-9.444270133972168},"rotation":{"x":-0.03276962786912918,"y":0.8460617661476135,"z":-0.05236145853996277,"w":-0.5294944643974304},"size":4.689768314361572,"orthographic":false}